name,email,age
Wendy Johnston,invalid_email,27.0
Alison Miller,wmayo@example.com,
Denise Casey,invalid_email,59.0
Anthony Armstrong,invalid_email,57.0
Robert Shaw,invalid_email,23.0
Teresa Roberts,invalid_email,48.0
Dylan Howard,tony58@example.net,
Julia Morris,ysmith@example.com,
Tommy Forbes,mwagner@example.org,
Diane Roberson,smithsara@example.com,
Karen Campbell,invalid_email,22.0
Anthony Boyer,invalid_email,53.0
Chad Bowman,invalid_email,24.0
Timothy Fox,robert00@example.org,
Brandy Reeves,invalid_email,35.0
Vanessa Quinn,invalid_email,
Michelle Morris,rachelhuber@example.net,
Jennifer Pearson,rsalazar@example.net,
Jason Shaw,michael04@example.org,
Mark Moreno II,invalid_email,46.0
Bonnie Lopez,ortizchelsea@example.com,
Travis Bryant,invalid_email,40.0
William Ramos,invalid_email,
Christina Thompson,invalid_email,23.0
Kenneth Allen,invalid_email,58.0
Julie Smith,invalid_email,32.0
Kristen Simpson,janetmitchell@example.net,
Aaron Nash,catherine21@example.org,
Earl Suarez,invalid_email,42.0
Timothy Bennett,invalid_email,
Christopher White,lewisvictoria@example.org,
Kyle Ray MD,invalid_email,18.0
Melissa Morris,qjohnson@example.com,
Mary Johnson,anthonyaustin@example.org,
Elizabeth Peck,invalid_email,33.0
Dawn Curry,lewisdaniel@example.com,
Cindy Bell,invalid_email,56.0
John Gordon,invalid_email,59.0
John Smith,oliviaowens@example.com,
Russell Sawyer,invalid_email,21.0
Eric Kennedy,invalid_email,38.0
Sean Warren,invalid_email,55.0
Melissa Moody,melissa50@example.org,
Jill Hall,invalid_email,45.0
Andrew Johnson,invalid_email,38.0
Dylan Moss,invalid_email,34.0
